Game_ID,Date,Category,Home_Team,Away_Team,Type,Period,Time,Player,Number,Infraction
914577,2026-09-20,U15 AA,DRAGONS OUTAOUAIS,BISONS 1 OUTAOUAIS,Goal,1,3:55,MAXIME CHARTIER,25,
914577,2026-09-20,U15 AA,DRAGONS OUTAOUAIS,BISONS 1 OUTAOUAIS,Assist,1,3:55,OLIVER CONVERY,30,
914577,2026-09-20,U15 AA,DRAGONS OUTAOUAIS,BISONS 1 OUTAOUAIS,Goal,3,9:23,JACOB PLOUFFE,25,
914577,2026-09-20,U15 AA,DRAGONS OUTAOUAIS,BISONS 1 OUTAOUAIS,Assist,3,9:23,FELIX CHARETTE,28,
914577,2026-09-20,U15 AA,DRAGONS OUTAOUAIS,BISONS 1 OUTAOUAIS,Goal,3,6:30,MAXIME CHARTIER,25,
914577,2026-09-20,U15 AA,DRAGONS OUTAOUAIS,BISONS 1 OUTAOUAIS,Assist,3,6:30,LUCAS RICHARDS,23,
914577,2026-09-20,U15 AA,DRAGONS OUTAOUAIS,BISONS 1 OUTAOUAIS,Goal,3,3:05,JACOB PLOUFFE,25,
914577,2026-09-20,U15 AA,DRAGONS OUTAOUAIS,BISONS 1 OUTAOUAIS,Goal,2,7:39,MATTHEW RENAUD,24,
914577,2026-09-20,U15 AA,DRAGONS OUTAOUAIS,BISONS 1 OUTAOUAIS,Assist,2,7:39,MARC-OLIVIER CROTEAU,27,
914577,2026-09-20,U15 AA,DRAGONS OUTAOUAIS,BISONS 1 OUTAOUAIS,Assist,2,7:39,MATHIS PAQUETTE,21,
918847,2026-09-24,U17 AA,DRAGONS OUTAOUAIS,BISONS OUTAOUAIS,Goal,1,14:33,CHARLES OLIVIER LANDRY,90,
918847,2026-09-24,U17 AA,DRAGONS OUTAOUAIS,BISONS OUTAOUAIS,Assist,1,14:33,LUC DESLOGES,81,
918847,2026-09-24,U17 AA,DRAGONS OUTAOUAIS,BISONS OUTAOUAIS,Goal,2,10:09,JÉRÉMY GENDRON,71,
918847,2026-09-24,U17 AA,DRAGONS OUTAOUAIS,BISONS OUTAOUAIS,Assist,2,10:09,MYLLOW LEFEBVRE,73,
918847,2026-09-24,U17 AA,DRAGONS OUTAOUAIS,BISONS OUTAOUAIS,Assist,2,10:09,MAXIM NAULT,68,
918847,2026-09-24,U17 AA,DRAGONS OUTAOUAIS,BISONS OUTAOUAIS,Goal,1,0:01,ALEXANDRE DUCLOS,87,
918847,2026-09-24,U17 AA,DRAGONS OUTAOUAIS,BISONS OUTAOUAIS,Goal,2,11:20,CHARLES OLIVIER LANDRY,90,
918847,2026-09-24,U17 AA,DRAGONS OUTAOUAIS,BISONS OUTAOUAIS,Assist,2,11:20,LUC DESLOGES,81,
918847,2026-09-24,U17 AA,DRAGONS OUTAOUAIS,BISONS OUTAOUAIS,Assist,2,11:20,ALEX PILON,88,
918847,2026-09-24,U17 AA,DRAGONS OUTAOUAIS,BISONS OUTAOUAIS,Goal,2,5:33,CHARLES OLIVIER LANDRY,90,
918847,2026-09-24,U17 AA,DRAGONS OUTAOUAIS,BISONS OUTAOUAIS,Assist,2,5:33,ZACKARY OLIVEIRA,78,
914572,2026-09-25,U13 AA,ROYAL 1 OUTAOUAIS,BISONS 2 OUTAOUAIS,Goal,2,5:57,RAPHAEL SAURETTE,43,
914572,2026-09-25,U13 AA,ROYAL 1 OUTAOUAIS,BISONS 2 OUTAOUAIS,Assist,2,5:57,CHARLEON ROY,47,
914572,2026-09-25,U13 AA,ROYAL 1 OUTAOUAIS,BISONS 2 OUTAOUAIS,Goal,3,10:30,ISAAC LANDRY,48,
914572,2026-09-25,U13 AA,ROYAL 1 OUTAOUAIS,BISONS 2 OUTAOUAIS,Assist,3,10:30,VIKTOR DESJARDINS,46,
914572,2026-09-25,U13 AA,ROYAL 1 OUTAOUAIS,BISONS 2 OUTAOUAIS,Goal,3,9:00,RAPHAEL SAURETTE,43,
914572,2026-09-25,U13 AA,ROYAL 1 OUTAOUAIS,BISONS 2 OUTAOUAIS,Assist,3,9:00,VIKTOR DESJARDINS,46,
914572,2026-09-25,U13 AA,ROYAL 1 OUTAOUAIS,BISONS 2 OUTAOUAIS,Goal,1,1:27,RAPHAEL THERIEN,54,
914572,2026-09-25,U13 AA,ROYAL 1 OUTAOUAIS,BISONS 2 OUTAOUAIS,Assist,1,1:27,WILLIAM SARAZIN,41,
914572,2026-09-25,U13 AA,ROYAL 1 OUTAOUAIS,BISONS 2 OUTAOUAIS,Goal,2,1:43,RAPHAEL SAUMUR,93,
914572,2026-09-25,U13 AA,ROYAL 1 OUTAOUAIS,BISONS 2 OUTAOUAIS,Goal,3,4:30,RAPHAEL SAUMUR,93,
914572,2026-09-25,U13 AA,ROYAL 1 OUTAOUAIS,BISONS 2 OUTAOUAIS,Goal,2,7:25,VIKTOR DESJARDINS,46,
914572,2026-09-25,U13 AA,ROYAL 1 OUTAOUAIS,BISONS 2 OUTAOUAIS,Assist,2,7:25,ISAAC LANDRY,48,
924656,2026-09-26,U15 AA,MONTAGNARDS DES MONTS,DRAGONS OUTAOUAIS,Goal,2,11:25,DEREK CHALIFOUX,19,
924656,2026-09-26,U15 AA,MONTAGNARDS DES MONTS,DRAGONS OUTAOUAIS,Assist,2,11:25,EDOUARD HOULE,97,
924656,2026-09-26,U15 AA,MONTAGNARDS DES MONTS,DRAGONS OUTAOUAIS,Goal,2,9:01,MATHIS LAROUCHE,29,
924656,2026-09-26,U15 AA,MONTAGNARDS DES MONTS,DRAGONS OUTAOUAIS,Assist,2,9:01,LUCAS RICHARDS,23,
924656,2026-09-26,U15 AA,MONTAGNARDS DES MONTS,DRAGONS OUTAOUAIS,Assist,2,9:01,MATHIS PAQUETTE,21,
924656,2026-09-26,U15 AA,MONTAGNARDS DES MONTS,DRAGONS OUTAOUAIS,Goal,1,6:21,THOMAS LONGPRE,27,
924656,2026-09-26,U15 AA,MONTAGNARDS DES MONTS,DRAGONS OUTAOUAIS,Assist,1,6:21,FELIX DUPRAS,24,
924656,2026-09-26,U15 AA,MONTAGNARDS DES MONTS,DRAGONS OUTAOUAIS,Goal,2,1:35,MAXIME CHARTIER,25,
924900,2026-09-26,U13 AA,ÉLITES LANAUDIÈRE EST-2,DRAGONS 2 OUTAOUAIS,Goal,3,4:40,MATHIS MOUSSEAU,67,
924900,2026-09-26,U13 AA,ÉLITES LANAUDIÈRE EST-2,DRAGONS 2 OUTAOUAIS,Assist,3,4:40,JAYDEN PROULX,62,
924900,2026-09-26,U13 AA,ÉLITES LANAUDIÈRE EST-2,DRAGONS 2 OUTAOUAIS,Goal,1,9:42,JAYDEN PROULX,62,
924900,2026-09-26,U13 AA,ÉLITES LANAUDIÈRE EST-2,DRAGONS 2 OUTAOUAIS,Assist,1,9:42,WILLIAM CHOUINARD,60,
924900,2026-09-26,U13 AA,ÉLITES LANAUDIÈRE EST-2,DRAGONS 2 OUTAOUAIS,Assist,1,9:42,YUHWAN PEPIN,61,
924900,2026-09-26,U13 AA,ÉLITES LANAUDIÈRE EST-2,DRAGONS 2 OUTAOUAIS,Goal,1,0:19,MARC-ANTOINE LARKIN,74,
924900,2026-09-26,U13 AA,ÉLITES LANAUDIÈRE EST-2,DRAGONS 2 OUTAOUAIS,Assist,1,0:19,BENJAMIN RAYMOND,71,
924900,2026-09-26,U13 AA,ÉLITES LANAUDIÈRE EST-2,DRAGONS 2 OUTAOUAIS,Goal,3,8:01,BENJAMIN RAYMOND,71,
924900,2026-09-26,U13 AA,ÉLITES LANAUDIÈRE EST-2,DRAGONS 2 OUTAOUAIS,Goal,2,3:07,JAYDEN PROULX,62,
924900,2026-09-26,U13 AA,ÉLITES LANAUDIÈRE EST-2,DRAGONS 2 OUTAOUAIS,Assist,2,3:07,MATHIS MOUSSEAU,67,
924900,2026-09-26,U13 AA,ÉLITES LANAUDIÈRE EST-2,DRAGONS 2 OUTAOUAIS,Assist,2,3:07,YUHWAN PEPIN,61,
924900,2026-09-26,U13 AA,ÉLITES LANAUDIÈRE EST-2,DRAGONS 2 OUTAOUAIS,Goal,2,4:15,JACOB GAGNE,81,
924900,2026-09-26,U13 AA,ÉLITES LANAUDIÈRE EST-2,DRAGONS 2 OUTAOUAIS,Assist,2,4:15,MATHIS ARCAND,49,
924900,2026-09-26,U13 AA,ÉLITES LANAUDIÈRE EST-2,DRAGONS 2 OUTAOUAIS,Goal,3,10:02,CHARLES-ANTOYNE HUNEAULT,74,
924900,2026-09-26,U13 AA,ÉLITES LANAUDIÈRE EST-2,DRAGONS 2 OUTAOUAIS,Goal,2,14:13,ALEXIS GAUTHIER,79,
924900,2026-09-26,U13 AA,ÉLITES LANAUDIÈRE EST-2,DRAGONS 2 OUTAOUAIS,Assist,2,14:13,ZAC JOLY,85,
924900,2026-09-26,U13 AA,ÉLITES LANAUDIÈRE EST-2,DRAGONS 2 OUTAOUAIS,Goal,3,11:45,LUDOVICK TANGUAY,87,
924900,2026-09-26,U13 AA,ÉLITES LANAUDIÈRE EST-2,DRAGONS 2 OUTAOUAIS,Assist,3,11:45,JAXSON PERRON,82,
924900,2026-09-26,U13 AA,ÉLITES LANAUDIÈRE EST-2,DRAGONS 2 OUTAOUAIS,Assist,3,11:45,FÉLIX PÉLOQUIN,72,
924900,2026-09-26,U13 AA,ÉLITES LANAUDIÈRE EST-2,DRAGONS 2 OUTAOUAIS,Goal,2,13:14,XAVIER VILLENEUVE,69,
924900,2026-09-26,U13 AA,ÉLITES LANAUDIÈRE EST-2,DRAGONS 2 OUTAOUAIS,Assist,2,13:14,CALEB DESLAURIERS,70,
924900,2026-09-26,U13 AA,ÉLITES LANAUDIÈRE EST-2,DRAGONS 2 OUTAOUAIS,Goal,3,0:24,JAYDEN PROULX,62,
924900,2026-09-26,U13 AA,ÉLITES LANAUDIÈRE EST-2,DRAGONS 2 OUTAOUAIS,Assist,3,0:24,ÉDOUARD DAOUST,66,
924900,2026-09-26,U13 AA,ÉLITES LANAUDIÈRE EST-2,DRAGONS 2 OUTAOUAIS,Goal,3,9:15,JAYDEN PROULX,62,
924900,2026-09-26,U13 AA,ÉLITES LANAUDIÈRE EST-2,DRAGONS 2 OUTAOUAIS,Goal,3,12:18,ZAC JOLY,85,
924900,2026-09-26,U13 AA,ÉLITES LANAUDIÈRE EST-2,DRAGONS 2 OUTAOUAIS,Assist,3,12:18,LUDOVICK TANGUAY,87,
925473,2026-09-26,U17 AA,OLYMPIQUES OUTAOUAIS,GRIZZLYS DES MOULINS,Goal,3,5:24,BERNARD SÉGUIN,89,
925473,2026-09-26,U17 AA,OLYMPIQUES OUTAOUAIS,GRIZZLYS DES MOULINS,Assist,3,5:24,ALEXIS LAFRENIÈRE,87,
925473,2026-09-26,U17 AA,OLYMPIQUES OUTAOUAIS,GRIZZLYS DES MOULINS,Goal,1,8:43,TEODOR KALAJDZIC,90,
925473,2026-09-26,U17 AA,OLYMPIQUES OUTAOUAIS,GRIZZLYS DES MOULINS,Assist,1,8:43,BERNARD SÉGUIN,89,
925473,2026-09-26,U17 AA,OLYMPIQUES OUTAOUAIS,GRIZZLYS DES MOULINS,Goal,3,2:40,KIAN ASKARI-FARAHANI,84,
925473,2026-09-26,U17 AA,OLYMPIQUES OUTAOUAIS,GRIZZLYS DES MOULINS,Assist,3,2:40,THÉO GARNEAU,85,
925473,2026-09-26,U17 AA,OLYMPIQUES OUTAOUAIS,GRIZZLYS DES MOULINS,Assist,3,2:40,JASON YAN,81,
925473,2026-09-26,U17 AA,OLYMPIQUES OUTAOUAIS,GRIZZLYS DES MOULINS,Goal,1,8:59,LIAM PAQUETTE,79,
925473,2026-09-26,U17 AA,OLYMPIQUES OUTAOUAIS,GRIZZLYS DES MOULINS,Assist,1,8:59,BERNARD SÉGUIN,89,
925473,2026-09-26,U17 AA,OLYMPIQUES OUTAOUAIS,GRIZZLYS DES MOULINS,Goal,3,2:17,LIAM PAQUETTE,79,
925473,2026-09-26,U17 AA,OLYMPIQUES OUTAOUAIS,GRIZZLYS DES MOULINS,Assist,3,2:17,BERNARD SÉGUIN,89,
925473,2026-09-26,U17 AA,OLYMPIQUES OUTAOUAIS,GRIZZLYS DES MOULINS,Goal,1,3:58,FRANCIS MAURIER,76,
924901,2026-09-26,U13 AA,ÉLITES LANAUDIÈRE EST-1,BISONS 2 OUTAOUAIS,Goal,2,3:19,MATTY OUELLETTE,85,
924901,2026-09-26,U13 AA,ÉLITES LANAUDIÈRE EST-1,BISONS 2 OUTAOUAIS,Assist,2,3:19,FÉLIX LAUZON,77,
924901,2026-09-26,U13 AA,ÉLITES LANAUDIÈRE EST-1,BISONS 2 OUTAOUAIS,Goal,2,3:49,NOAH GABRIEL FORIS,15,
924901,2026-09-26,U13 AA,ÉLITES LANAUDIÈRE EST-1,BISONS 2 OUTAOUAIS,Assist,2,3:49,BENJAMIN PETITCLERC,17,
924901,2026-09-26,U13 AA,ÉLITES LANAUDIÈRE EST-1,BISONS 2 OUTAOUAIS,Goal,1,5:44,SHELDON FORESTER,87,
924901,2026-09-26,U13 AA,ÉLITES LANAUDIÈRE EST-1,BISONS 2 OUTAOUAIS,Assist,1,5:44,JÉRÉMIE AUDET,79,
924901,2026-09-26,U13 AA,ÉLITES LANAUDIÈRE EST-1,BISONS 2 OUTAOUAIS,Goal,2,10:29,FÉLIX LAUZON,77,
924901,2026-09-26,U13 AA,ÉLITES LANAUDIÈRE EST-1,BISONS 2 OUTAOUAIS,Assist,2,10:29,MATTY OUELLETTE,85,
925474,2026-09-26,U17 AA,BISONS OUTAOUAIS,SÉNATEURS LAVAL,Goal,2,13:43,FREDDY CAMACHO ACOSTA,83,
925474,2026-09-26,U17 AA,BISONS OUTAOUAIS,SÉNATEURS LAVAL,Assist,2,13:43,FRANCESCO PORCO,80,
925474,2026-09-26,U17 AA,BISONS OUTAOUAIS,SÉNATEURS LAVAL,Goal,2,8:15,YACOUB OSMAN,82,
925474,2026-09-26,U17 AA,BISONS OUTAOUAIS,SÉNATEURS LAVAL,Assist,2,8:15,LOIC GUINDON,91,
925474,2026-09-26,U17 AA,BISONS OUTAOUAIS,SÉNATEURS LAVAL,Goal,1,6:50,FINLEY DAGENAIS,92,
925474,2026-09-26,U17 AA,BISONS OUTAOUAIS,SÉNATEURS LAVAL,Assist,1,6:50,RENAUD HAMEL,76,
925474,2026-09-26,U17 AA,BISONS OUTAOUAIS,SÉNATEURS LAVAL,Goal,3,7:09,ALEXANDRE AMENDJIAN,85,
925474,2026-09-26,U17 AA,BISONS OUTAOUAIS,SÉNATEURS LAVAL,Goal,1,0:24,NOLAN SOAN,73,
925474,2026-09-26,U17 AA,BISONS OUTAOUAIS,SÉNATEURS LAVAL,Assist,1,0:24,ALEXANDRE AMENDJIAN,85,
925474,2026-09-26,U17 AA,BISONS OUTAOUAIS,SÉNATEURS LAVAL,Goal,3,9:43,FINLEY DAGENAIS,92,
925474,2026-09-26,U17 AA,BISONS OUTAOUAIS,SÉNATEURS LAVAL,Assist,3,9:43,YACOUB OSMAN,82,
925709,2026-09-26,U19 AA,OLYMPIQUES OUTAOUAIS,SÉNATEURS LAVAL,Goal,3,0:20,SAMUEL SAUVÉ,29,
925709,2026-09-26,U19 AA,OLYMPIQUES OUTAOUAIS,SÉNATEURS LAVAL,Assist,3,0:20,LIAM LEONIDAS PEREIRA,14,
925709,2026-09-26,U19 AA,OLYMPIQUES OUTAOUAIS,SÉNATEURS LAVAL,Goal,2,10:50,MARCO SANTONE,8,
925709,2026-09-26,U19 AA,OLYMPIQUES OUTAOUAIS,SÉNATEURS LAVAL,Goal,3,3:40,XAVIER MATHIEU,87,
925709,2026-09-26,U19 AA,OLYMPIQUES OUTAOUAIS,SÉNATEURS LAVAL,Assist,3,3:40,JACK CHÉNIER,92,
925709,2026-09-26,U19 AA,OLYMPIQUES OUTAOUAIS,SÉNATEURS LAVAL,Assist,3,3:40,MATHIS MURRAY,86,
925709,2026-09-26,U19 AA,OLYMPIQUES OUTAOUAIS,SÉNATEURS LAVAL,Goal,3,13:19,JACK CHÉNIER,92,
925709,2026-09-26,U19 AA,OLYMPIQUES OUTAOUAIS,SÉNATEURS LAVAL,Assist,3,13:19,XAVIER MATHIEU,87,
925709,2026-09-26,U19 AA,OLYMPIQUES OUTAOUAIS,SÉNATEURS LAVAL,Assist,3,13:19,DAVICK L'HEUREUX-GARNEAU,78,
925709,2026-09-26,U19 AA,OLYMPIQUES OUTAOUAIS,SÉNATEURS LAVAL,Goal,1,11:47,MARCO LACOPO,13,
925709,2026-09-26,U19 AA,OLYMPIQUES OUTAOUAIS,SÉNATEURS LAVAL,Assist,1,11:47,LIAM LEONIDAS PEREIRA,14,
925475,2026-09-26,U17 AA,DRAGONS OUTAOUAIS,ARMADA JR AA 1,Goal,2,8:21,ANTHONY HERNANDEZ,66,
925475,2026-09-26,U17 AA,DRAGONS OUTAOUAIS,ARMADA JR AA 1,Assist,2,8:21,WILLIAM AMOS,22,
925475,2026-09-26,U17 AA,DRAGONS OUTAOUAIS,ARMADA JR AA 1,Goal,1,10:05,JORDAN HUGHES,62,
925475,2026-09-26,U17 AA,DRAGONS OUTAOUAIS,ARMADA JR AA 1,Goal,2,9:04,LUKA LAVOIE,66,
925475,2026-09-26,U17 AA,DRAGONS OUTAOUAIS,ARMADA JR AA 1,Assist,2,9:04,ZACK BARRETTE,88,
925475,2026-09-26,U17 AA,DRAGONS OUTAOUAIS,ARMADA JR AA 1,Assist,2,9:04,THÉO CORNEAU,60,
925475,2026-09-26,U17 AA,DRAGONS OUTAOUAIS,ARMADA JR AA 1,Goal,2,12:01,MYLLOW LEFEBVRE,73,
925475,2026-09-26,U17 AA,DRAGONS OUTAOUAIS,ARMADA JR AA 1,Assist,2,12:01,THÉO CORNEAU,60,
925475,2026-09-26,U17 AA,DRAGONS OUTAOUAIS,ARMADA JR AA 1,Goal,1,3:18,ZACHARY RACINE,78,
925475,2026-09-26,U17 AA,DRAGONS OUTAOUAIS,ARMADA JR AA 1,Assist,1,3:18,ENZO BERUBE,62,
925475,2026-09-26,U17 AA,DRAGONS OUTAOUAIS,ARMADA JR AA 1,Assist,1,3:18,ESTEVAN DUPUIS,64,
925475,2026-09-26,U17 AA,DRAGONS OUTAOUAIS,ARMADA JR AA 1,Goal,2,10:28,ALEXANDRE DUCLOS,87,
925710,2026-09-26,U19 AA,ROYAL OUTAOUAIS,ARMADA JR,Goal,1,0:18,TRISTAN AUPIN,19,
925710,2026-09-26,U19 AA,ROYAL OUTAOUAIS,ARMADA JR,Assist,1,0:18,THOMAS RAVARY,72,
925710,2026-09-26,U19 AA,ROYAL OUTAOUAIS,ARMADA JR,Assist,1,0:18,ANTHONY JOSEPH SAMSON,92,
925710,2026-09-26,U19 AA,ROYAL OUTAOUAIS,ARMADA JR,Goal,1,13:50,THOMAS RAVARY,72,
925710,2026-09-26,U19 AA,ROYAL OUTAOUAIS,ARMADA JR,Assist,1,13:50,ALEX YOCKELL,37,
925710,2026-09-26,U19 AA,ROYAL OUTAOUAIS,ARMADA JR,Goal,3,2:05,ALEX YOCKELL,37,
925710,2026-09-26,U19 AA,ROYAL OUTAOUAIS,ARMADA JR,Goal,3,6:06,RYDER BUJOLD,78,
925710,2026-09-26,U19 AA,ROYAL OUTAOUAIS,ARMADA JR,Assist,3,6:06,CÉDRIC PAQUETTE,77,
925710,2026-09-26,U19 AA,ROYAL OUTAOUAIS,ARMADA JR,Goal,2,1:19,ANTOINE POIRIER,18,
925710,2026-09-26,U19 AA,ROYAL OUTAOUAIS,ARMADA JR,Assist,2,1:19,ANTOINE BERUBE,60,
925710,2026-09-26,U19 AA,ROYAL OUTAOUAIS,ARMADA JR,Goal,2,5:17,SAM LAVALLEE,91,
925710,2026-09-26,U19 AA,ROYAL OUTAOUAIS,ARMADA JR,Assist,2,5:17,RYDER BUJOLD,78,
925710,2026-09-26,U19 AA,ROYAL OUTAOUAIS,ARMADA JR,Goal,3,8:44,ZAKARY GÉLINAS,79,
925710,2026-09-26,U19 AA,ROYAL OUTAOUAIS,ARMADA JR,Assist,3,8:44,JEFFREY SIMONEAU,88,
925710,2026-09-26,U19 AA,ROYAL OUTAOUAIS,ARMADA JR,Goal,2,2:23,ANTHONY JOSEPH SAMSON,92,
925710,2026-09-26,U19 AA,ROYAL OUTAOUAIS,ARMADA JR,Assist,2,2:23,TRISTAN AUPIN,19,
925710,2026-09-26,U19 AA,ROYAL OUTAOUAIS,ARMADA JR,Goal,2,3:40,ELIOT PERREAULT,57,
925710,2026-09-26,U19 AA,ROYAL OUTAOUAIS,ARMADA JR,Assist,2,3:40,ALEX YOCKELL,37,
924662,2026-09-27,U15 AA,OLYMPIQUES OUTAOUAIS,ARMADA JR AA 1,Goal,2,9:19,ALEK MONGEON,58,
924662,2026-09-27,U15 AA,OLYMPIQUES OUTAOUAIS,ARMADA JR AA 1,Assist,2,9:19,JESSE CHARBONNEAU,65,
924662,2026-09-27,U15 AA,OLYMPIQUES OUTAOUAIS,ARMADA JR AA 1,Goal,2,4:25,ÉMILE L'ÉCUYER,96,
924662,2026-09-27,U15 AA,OLYMPIQUES OUTAOUAIS,ARMADA JR AA 1,Goal,3,0:30,GABRIEL BERGERON,73,
924662,2026-09-27,U15 AA,OLYMPIQUES OUTAOUAIS,ARMADA JR AA 1,Assist,3,0:30,MATHIAS CROITORU,62,
924662,2026-09-27,U15 AA,OLYMPIQUES OUTAOUAIS,ARMADA JR AA 1,Goal,3,12:53,GABRIEL BERGERON,73,
924662,2026-09-27,U15 AA,OLYMPIQUES OUTAOUAIS,ARMADA JR AA 1,Assist,3,12:53,ALEXIS BÉDARD,60,
924662,2026-09-27,U15 AA,OLYMPIQUES OUTAOUAIS,ARMADA JR AA 1,Assist,3,12:53,ALEK MONGEON,58,
924662,2026-09-27,U15 AA,OLYMPIQUES OUTAOUAIS,ARMADA JR AA 1,Goal,2,6:12,NOAH DESJARDINS,66,
924662,2026-09-27,U15 AA,OLYMPIQUES OUTAOUAIS,ARMADA JR AA 1,Assist,2,6:12,ALEK MONGEON,58,
924664,2026-09-27,U15 AA,BISONS 2 OUTAOUAIS,BISONS 1 OUTAOUAIS,Goal,2,9:09,ARNAUD REGIS,32,
924664,2026-09-27,U15 AA,BISONS 2 OUTAOUAIS,BISONS 1 OUTAOUAIS,Assist,2,9:09,LEELAN FILLION,23,
924664,2026-09-27,U15 AA,BISONS 2 OUTAOUAIS,BISONS 1 OUTAOUAIS,Goal,3,12:23,WILLIAM SCOTT-DION,47,
924664,2026-09-27,U15 AA,BISONS 2 OUTAOUAIS,BISONS 1 OUTAOUAIS,Assist,3,12:23,MIKAEL GRENON,12,
924664,2026-09-27,U15 AA,BISONS 2 OUTAOUAIS,BISONS 1 OUTAOUAIS,Assist,3,12:23,OWEN MARTEL,49,
924664,2026-09-27,U15 AA,BISONS 2 OUTAOUAIS,BISONS 1 OUTAOUAIS,Goal,2,1:00,MIKAEL GRENON,12,
924664,2026-09-27,U15 AA,BISONS 2 OUTAOUAIS,BISONS 1 OUTAOUAIS,Assist,2,1:00,FÉLIX DESJARDINS,48,
924664,2026-09-27,U15 AA,BISONS 2 OUTAOUAIS,BISONS 1 OUTAOUAIS,Assist,2,1:00,ZACHARY BOUCHER,54,
924664,2026-09-27,U15 AA,BISONS 2 OUTAOUAIS,BISONS 1 OUTAOUAIS,Goal,1,12:00,RAFAEL BRISSON,45,
924664,2026-09-27,U15 AA,BISONS 2 OUTAOUAIS,BISONS 1 OUTAOUAIS,Assist,1,12:00,XAVIER PRUD'HOMME,56,
924664,2026-09-27,U15 AA,BISONS 2 OUTAOUAIS,BISONS 1 OUTAOUAIS,Goal,1,10:00,DRAKE MCLEOD,21,
924664,2026-09-27,U15 AA,BISONS 2 OUTAOUAIS,BISONS 1 OUTAOUAIS,Assist,1,10:00,LEELAN FILLION,23,
924664,2026-09-27,U15 AA,BISONS 2 OUTAOUAIS,BISONS 1 OUTAOUAIS,Assist,1,10:00,JONATHAN FRUCHTERMAN,26,
925478,2026-09-27,U17 AA,ROYAL OUTAOUAIS,GRIZZLYS DES MOULINS,Goal,2,0:01,OSCAR WILDHABER,83,
925478,2026-09-27,U17 AA,ROYAL OUTAOUAIS,GRIZZLYS DES MOULINS,Assist,2,0:01,JACOB GUAY,77,
925478,2026-09-27,U17 AA,ROYAL OUTAOUAIS,GRIZZLYS DES MOULINS,Goal,2,7:31,BENJAMIN CORBEIL,85,
925478,2026-09-27,U17 AA,ROYAL OUTAOUAIS,GRIZZLYS DES MOULINS,Goal,2,9:13,JEAN-SEBASTIEN RANCOURT,92,
925478,2026-09-27,U17 AA,ROYAL OUTAOUAIS,GRIZZLYS DES MOULINS,Goal,2,7:06,ALEXIS LADOUCEUR,76,
925478,2026-09-27,U17 AA,ROYAL OUTAOUAIS,GRIZZLYS DES MOULINS,Assist,2,7:06,BENJAMIN CORBEIL,85,
925478,2026-09-27,U17 AA,ROYAL OUTAOUAIS,GRIZZLYS DES MOULINS,Goal,1,8:04,JEAN-SEBASTIEN RANCOURT,92,
925478,2026-09-27,U17 AA,ROYAL OUTAOUAIS,GRIZZLYS DES MOULINS,Assist,1,8:04,ELOIK CHARLEBOIS,93,
925478,2026-09-27,U17 AA,ROYAL OUTAOUAIS,GRIZZLYS DES MOULINS,Goal,3,10:37,ELOIK CHARLEBOIS,93,
925478,2026-09-27,U17 AA,ROYAL OUTAOUAIS,GRIZZLYS DES MOULINS,Assist,3,10:37,OSCAR WILDHABER,83,
925478,2026-09-27,U17 AA,ROYAL OUTAOUAIS,GRIZZLYS DES MOULINS,Goal,1,9:51,VINCENT GUIMOND,81,
925478,2026-09-27,U17 AA,ROYAL OUTAOUAIS,GRIZZLYS DES MOULINS,Assist,1,9:51,ALEXANDRE CONN,79,
925478,2026-09-27,U17 AA,ROYAL OUTAOUAIS,GRIZZLYS DES MOULINS,Goal,3,9:52,OSCAR WILDHABER,83,
925478,2026-09-27,U17 AA,ROYAL OUTAOUAIS,GRIZZLYS DES MOULINS,Assist,3,9:52,BENJAMIN CORBEIL,85,
925476,2026-09-27,U17 AA,DRAGONS OUTAOUAIS,CONCORDES MIRABEL-LACHUTE,Goal,1,13:11,NICOLAS CHAMPAGNE,81,
925476,2026-09-27,U17 AA,DRAGONS OUTAOUAIS,CONCORDES MIRABEL-LACHUTE,Assist,1,13:11,SIMON DESSUREAULT,54,
925476,2026-09-27,U17 AA,DRAGONS OUTAOUAIS,CONCORDES MIRABEL-LACHUTE,Assist,1,13:11,GABRIEL LAPIERRE,55,
925476,2026-09-27,U17 AA,DRAGONS OUTAOUAIS,CONCORDES MIRABEL-LACHUTE,Goal,3,0:46,JÉRÉMY GENDRON,71,
925476,2026-09-27,U17 AA,DRAGONS OUTAOUAIS,CONCORDES MIRABEL-LACHUTE,Assist,3,0:46,LUKA LAVOIE,66,
925476,2026-09-27,U17 AA,DRAGONS OUTAOUAIS,CONCORDES MIRABEL-LACHUTE,Assist,3,0:46,ZACHARY RACINE,78,
925476,2026-09-27,U17 AA,DRAGONS OUTAOUAIS,CONCORDES MIRABEL-LACHUTE,Goal,3,6:32,FELIX DERAPS,91,
925476,2026-09-27,U17 AA,DRAGONS OUTAOUAIS,CONCORDES MIRABEL-LACHUTE,Assist,3,6:32,JÉRÉMY GENDRON,71,
924903,2026-09-27,U13 AA,BISONS 1 OUTAOUAIS,ARMADA JR AA 2,Goal,2,13:18,JACOB LEFEBVRE,55,
924903,2026-09-27,U13 AA,BISONS 1 OUTAOUAIS,ARMADA JR AA 2,Assist,2,13:18,FÉLIX VONGPRACHANH,53,
924903,2026-09-27,U13 AA,BISONS 1 OUTAOUAIS,ARMADA JR AA 2,Assist,2,13:18,BRENDAN PÉROU,56,
924903,2026-09-27,U13 AA,BISONS 1 OUTAOUAIS,ARMADA JR AA 2,Goal,3,3:52,CARTER MILLAR,67,
924903,2026-09-27,U13 AA,BISONS 1 OUTAOUAIS,ARMADA JR AA 2,Assist,3,3:52,JAXON MATCHETT,58,
924903,2026-09-27,U13 AA,BISONS 1 OUTAOUAIS,ARMADA JR AA 2,Goal,2,9:13,JAXON MATCHETT,58,
924903,2026-09-27,U13 AA,BISONS 1 OUTAOUAIS,ARMADA JR AA 2,Assist,2,9:13,CARTER MILLAR,67,
924903,2026-09-27,U13 AA,BISONS 1 OUTAOUAIS,ARMADA JR AA 2,Assist,2,9:13,SAMUEL BEAUVAIS,73,
924903,2026-09-27,U13 AA,BISONS 1 OUTAOUAIS,ARMADA JR AA 2,Goal,1,3:19,VICTOR DESGAGNÉ,59,
924903,2026-09-27,U13 AA,BISONS 1 OUTAOUAIS,ARMADA JR AA 2,Goal,1,5:04,JOHN-PATRICK SULLIVAN,61,
924903,2026-09-27,U13 AA,BISONS 1 OUTAOUAIS,ARMADA JR AA 2,Assist,1,5:04,JAKOB PLATERO,75,
924665,2026-09-27,U15 AA,ROYAL OUTAOUAIS,ÉLITES LANAUDIÈRE EST,Goal,3,4:15,ISAAC WATSON,44,
924665,2026-09-27,U15 AA,ROYAL OUTAOUAIS,ÉLITES LANAUDIÈRE EST,Assist,3,4:15,LUCAS TALAH LEFEBVRE,36,
924665,2026-09-27,U15 AA,ROYAL OUTAOUAIS,ÉLITES LANAUDIÈRE EST,Goal,3,13:15,NAXIM PILON LACELLE,70,
924665,2026-09-27,U15 AA,ROYAL OUTAOUAIS,ÉLITES LANAUDIÈRE EST,Assist,3,13:15,LOIK TROTTIER,72,
924665,2026-09-27,U15 AA,ROYAL OUTAOUAIS,ÉLITES LANAUDIÈRE EST,Assist,3,13:15,OLI CHÉNIER,67,
924665,2026-09-27,U15 AA,ROYAL OUTAOUAIS,ÉLITES LANAUDIÈRE EST,Goal,2,9:12,ALEXIS SIMARD,75,
924665,2026-09-27,U15 AA,ROYAL OUTAOUAIS,ÉLITES LANAUDIÈRE EST,Assist,2,9:12,FÉLIX-ANTOINE TURCOT,41,
924665,2026-09-27,U15 AA,ROYAL OUTAOUAIS,ÉLITES LANAUDIÈRE EST,Goal,1,0:47,ZACHARY MARTIN,75,
924665,2026-09-27,U15 AA,ROYAL OUTAOUAIS,ÉLITES LANAUDIÈRE EST,Goal,2,3:30,LOUIS POIRIER,43,
924665,2026-09-27,U15 AA,ROYAL OUTAOUAIS,ÉLITES LANAUDIÈRE EST,Assist,2,3:30,TOMMY WILLIAMS,46,
924665,2026-09-27,U15 AA,ROYAL OUTAOUAIS,ÉLITES LANAUDIÈRE EST,Goal,1,13:06,LOIK GODMAIRE-ROBERTSON,61,
925712,2026-09-27,U19 AA,OLYMPIQUES OUTAOUAIS,RIVERAINS LAVAL,Goal,2,9:07,LOUKA COTE,13,
925712,2026-09-27,U19 AA,OLYMPIQUES OUTAOUAIS,RIVERAINS LAVAL,Assist,2,9:07,THOMAS BÉLANGER,17,
925712,2026-09-27,U19 AA,OLYMPIQUES OUTAOUAIS,RIVERAINS LAVAL,Goal,2,3:00,MATHIS MURRAY,86,
925712,2026-09-27,U19 AA,OLYMPIQUES OUTAOUAIS,RIVERAINS LAVAL,Assist,2,3:00,JACK CHÉNIER,92,
925712,2026-09-27,U19 AA,OLYMPIQUES OUTAOUAIS,RIVERAINS LAVAL,Assist,2,3:00,ANTOINE POTVIN,88,
925712,2026-09-27,U19 AA,OLYMPIQUES OUTAOUAIS,RIVERAINS LAVAL,Goal,3,8:34,MARCO SAIA,2,
925712,2026-09-27,U19 AA,OLYMPIQUES OUTAOUAIS,RIVERAINS LAVAL,Assist,3,8:34,LUDOVIC VALADE,4,
925712,2026-09-27,U19 AA,OLYMPIQUES OUTAOUAIS,RIVERAINS LAVAL,Assist,3,8:34,CHARLES GENOIS,28,
925712,2026-09-27,U19 AA,OLYMPIQUES OUTAOUAIS,RIVERAINS LAVAL,Goal,2,1:51,JACK CHÉNIER,92,
925712,2026-09-27,U19 AA,OLYMPIQUES OUTAOUAIS,RIVERAINS LAVAL,Goal,2,7:29,LUDOVIC VALADE,4,
925712,2026-09-27,U19 AA,OLYMPIQUES OUTAOUAIS,RIVERAINS LAVAL,Assist,2,7:29,HERACLES TSOUDIS,18,
925712,2026-09-27,U19 AA,OLYMPIQUES OUTAOUAIS,RIVERAINS LAVAL,Assist,2,7:29,MARCO SAIA,2,
925712,2026-09-27,U19 AA,OLYMPIQUES OUTAOUAIS,RIVERAINS LAVAL,Goal,3,7:07,XAVIER HAMEL,82,
924905,2026-09-27,U13 AA,STARS LACHUTE-MIRABEL 1,OLYMPIQUES OUTAOUAIS,Goal,3,14:01,GABRIEL FORTIN,47,
924905,2026-09-27,U13 AA,STARS LACHUTE-MIRABEL 1,OLYMPIQUES OUTAOUAIS,Assist,3,14:01,PHILIPPE-OLIVIER LAHAIE,48,
924905,2026-09-27,U13 AA,STARS LACHUTE-MIRABEL 1,OLYMPIQUES OUTAOUAIS,Goal,3,0:47,JAKE O'SHEA,19,
924905,2026-09-27,U13 AA,STARS LACHUTE-MIRABEL 1,OLYMPIQUES OUTAOUAIS,Assist,3,0:47,ZACK BISSONNETTE,99,
924905,2026-09-27,U13 AA,STARS LACHUTE-MIRABEL 1,OLYMPIQUES OUTAOUAIS,Goal,1,12:01,ANTOINE LEBEAU,54,
924905,2026-09-27,U13 AA,STARS LACHUTE-MIRABEL 1,OLYMPIQUES OUTAOUAIS,Assist,1,12:01,XAVIER GODIN,53,
924905,2026-09-27,U13 AA,STARS LACHUTE-MIRABEL 1,OLYMPIQUES OUTAOUAIS,Assist,1,12:01,PHILIPPE-OLIVIER LAHAIE,48,
924905,2026-09-27,U13 AA,STARS LACHUTE-MIRABEL 1,OLYMPIQUES OUTAOUAIS,Goal,1,14:14,MICKAEL THAUVETTE,43,
924905,2026-09-27,U13 AA,STARS LACHUTE-MIRABEL 1,OLYMPIQUES OUTAOUAIS,Assist,1,14:14,ANTOINE LEBEAU,54,
924905,2026-09-27,U13 AA,STARS LACHUTE-MIRABEL 1,OLYMPIQUES OUTAOUAIS,Goal,2,11:21,ZACK BISSONNETTE,99,
924905,2026-09-27,U13 AA,STARS LACHUTE-MIRABEL 1,OLYMPIQUES OUTAOUAIS,Assist,2,11:21,LIAM CATMAN,77,
924905,2026-09-27,U13 AA,STARS LACHUTE-MIRABEL 1,OLYMPIQUES OUTAOUAIS,Assist,2,11:21,AXELL GIROUX,9,
925713,2026-09-27,U19 AA,GRIZZLYS DES MOULINS,ROYAL OUTAOUAIS,Goal,3,0:37,WILLIAM ST-AMAND,89,
925713,2026-09-27,U19 AA,GRIZZLYS DES MOULINS,ROYAL OUTAOUAIS,Assist,3,0:37,EDOUARD SMITH,73,
925713,2026-09-27,U19 AA,GRIZZLYS DES MOULINS,ROYAL OUTAOUAIS,Goal,1,10:20,YOHAN MARQUIS,87,
925713,2026-09-27,U19 AA,GRIZZLYS DES MOULINS,ROYAL OUTAOUAIS,Assist,1,10:20,OLIVIER CORMIER,24,
925713,2026-09-27,U19 AA,GRIZZLYS DES MOULINS,ROYAL OUTAOUAIS,Assist,1,10:20,THOMAS DAOUST,67,
925713,2026-09-27,U19 AA,GRIZZLYS DES MOULINS,ROYAL OUTAOUAIS,Goal,1,8:32,NOAH JINCHEREAU,54,
925713,2026-09-27,U19 AA,GRIZZLYS DES MOULINS,ROYAL OUTAOUAIS,Assist,1,8:32,YOHAN MARQUIS,87,
925713,2026-09-27,U19 AA,GRIZZLYS DES MOULINS,ROYAL OUTAOUAIS,Assist,1,8:32,KRISTOPHER BLOUIN,92,
925713,2026-09-27,U19 AA,GRIZZLYS DES MOULINS,ROYAL OUTAOUAIS,Goal,1,8:21,YOHAN MARQUIS,87,
925713,2026-09-27,U19 AA,GRIZZLYS DES MOULINS,ROYAL OUTAOUAIS,Assist,1,8:21,THOMAS DAOUST,67,
925713,2026-09-27,U19 AA,GRIZZLYS DES MOULINS,ROYAL OUTAOUAIS,Assist,1,8:21,NOAH JINCHEREAU,54,
925713,2026-09-27,U19 AA,GRIZZLYS DES MOULINS,ROYAL OUTAOUAIS,Goal,2,4:52,VINCENT MARTINEAU,93,
925713,2026-09-27,U19 AA,GRIZZLYS DES MOULINS,ROYAL OUTAOUAIS,Assist,2,4:52,NOAH JINCHEREAU,54,
925713,2026-09-27,U19 AA,GRIZZLYS DES MOULINS,ROYAL OUTAOUAIS,Goal,3,6:45,JEFFREY SIMONEAU,88,
925713,2026-09-27,U19 AA,GRIZZLYS DES MOULINS,ROYAL OUTAOUAIS,Assist,3,6:45,RILEY HAWKEN,76,
925713,2026-09-27,U19 AA,GRIZZLYS DES MOULINS,ROYAL OUTAOUAIS,Goal,2,9:23,ZAKARY GÉLINAS,79,
924906,2026-09-27,U13 AA,CONCORDES MIRABEL-LACHUTE 2,ROYAL 2 OUTAOUAIS,Goal,2,10:26,BRANDON PARADIS,50,
924906,2026-09-27,U13 AA,CONCORDES MIRABEL-LACHUTE 2,ROYAL 2 OUTAOUAIS,Assist,2,10:26,JACOB DESROCHES,13,
924906,2026-09-27,U13 AA,CONCORDES MIRABEL-LACHUTE 2,ROYAL 2 OUTAOUAIS,Assist,2,10:26,ÉLIOT BERTRAND,38,
924906,2026-09-27,U13 AA,CONCORDES MIRABEL-LACHUTE 2,ROYAL 2 OUTAOUAIS,Goal,2,0:26,JACOB DESROCHES,13,
924906,2026-09-27,U13 AA,CONCORDES MIRABEL-LACHUTE 2,ROYAL 2 OUTAOUAIS,Assist,2,0:26,LOGAN BAZINET,42,
924906,2026-09-27,U13 AA,CONCORDES MIRABEL-LACHUTE 2,ROYAL 2 OUTAOUAIS,Goal,2,10:14,JAYSON MILLAN DENIS,80,
924906,2026-09-27,U13 AA,CONCORDES MIRABEL-LACHUTE 2,ROYAL 2 OUTAOUAIS,Assist,2,10:14,YOUSSEF DAABOUL,86,
924906,2026-09-27,U13 AA,CONCORDES MIRABEL-LACHUTE 2,ROYAL 2 OUTAOUAIS,Goal,3,10:07,XAVIER GOYETTE,83,
924906,2026-09-27,U13 AA,CONCORDES MIRABEL-LACHUTE 2,ROYAL 2 OUTAOUAIS,Goal,2,9:14,MAXIME CORMIER,89,
924906,2026-09-27,U13 AA,CONCORDES MIRABEL-LACHUTE 2,ROYAL 2 OUTAOUAIS,Assist,2,9:14,CHRISTOPHE BEAUCHAMP,78,
924906,2026-09-27,U13 AA,CONCORDES MIRABEL-LACHUTE 2,ROYAL 2 OUTAOUAIS,Goal,1,10:19,EVAN BERGERON,77,
924906,2026-09-27,U13 AA,CONCORDES MIRABEL-LACHUTE 2,ROYAL 2 OUTAOUAIS,Assist,1,10:19,CHARLES BÉLANGER,81,
924906,2026-09-27,U13 AA,CONCORDES MIRABEL-LACHUTE 2,ROYAL 2 OUTAOUAIS,Goal,2,9:25,FÉLIX TRUDEL,37,
924906,2026-09-27,U13 AA,CONCORDES MIRABEL-LACHUTE 2,ROYAL 2 OUTAOUAIS,Assist,2,9:25,FELIX ASSELIN,44,
924906,2026-09-27,U13 AA,CONCORDES MIRABEL-LACHUTE 2,ROYAL 2 OUTAOUAIS,Assist,2,9:25,LUCAS MILLETTE,41,
924906,2026-09-27,U13 AA,CONCORDES MIRABEL-LACHUTE 2,ROYAL 2 OUTAOUAIS,Goal,3,3:24,FELIX ASSELIN,44,
924906,2026-09-27,U13 AA,CONCORDES MIRABEL-LACHUTE 2,ROYAL 2 OUTAOUAIS,Assist,3,3:24,ARNAUD LACROIX,46,
924906,2026-09-27,U13 AA,CONCORDES MIRABEL-LACHUTE 2,ROYAL 2 OUTAOUAIS,Goal,1,10:08,XAVIER GOYETTE,83,
925481,2026-09-27,U17 AA,ÉLITES LANAUDIÈRE EST,BISONS OUTAOUAIS,Goal,2,3:57,ALEX PILON,88,
925481,2026-09-27,U17 AA,ÉLITES LANAUDIÈRE EST,BISONS OUTAOUAIS,Assist,2,3:57,LOU DANIS,86,
925481,2026-09-27,U17 AA,ÉLITES LANAUDIÈRE EST,BISONS OUTAOUAIS,Goal,2,2:29,ALEX PILON,88,
925481,2026-09-27,U17 AA,ÉLITES LANAUDIÈRE EST,BISONS OUTAOUAIS,Assist,2,2:29,LUC DESLOGES,81,
925481,2026-09-27,U17 AA,ÉLITES LANAUDIÈRE EST,BISONS OUTAOUAIS,Goal,2,7:55,ZACKARY OLIVEIRA,78,
925481,2026-09-27,U17 AA,ÉLITES LANAUDIÈRE EST,BISONS OUTAOUAIS,Assist,2,7:55,RENAUD HAMEL,76,
925481,2026-09-27,U17 AA,ÉLITES LANAUDIÈRE EST,BISONS OUTAOUAIS,Goal,1,0:09,ALEXANDRE MEUNIER,77,
925481,2026-09-27,U17 AA,ÉLITES LANAUDIÈRE EST,BISONS OUTAOUAIS,Assist,1,0:09,LOU DANIS,86,
925481,2026-09-27,U17 AA,ÉLITES LANAUDIÈRE EST,BISONS OUTAOUAIS,Goal,3,6:32,MATHIS DESPRES,88,
925481,2026-09-27,U17 AA,ÉLITES LANAUDIÈRE EST,BISONS OUTAOUAIS,Assist,3,6:32,SAMUEL MARCIL,56,
925481,2026-09-27,U17 AA,ÉLITES LANAUDIÈRE EST,BISONS OUTAOUAIS,Assist,3,6:32,THEO LAFOREST,9,
914577,2026-09-20,U15 AA,DRAGONS OUTAOUAIS,BISONS 1 OUTAOUAIS,Penalty,3,1:19,MATHIS PAQUETTE,21,Cross checking
914577,2026-09-20,U15 AA,DRAGONS OUTAOUAIS,BISONS 1 OUTAOUAIS,Penalty,3,1:19,LUCAS RICHARDS,23,Head contact 
914577,2026-09-20,U15 AA,DRAGONS OUTAOUAIS,BISONS 1 OUTAOUAIS,Penalty,3,1:19,ALEXANDER BOIVIN,34,Head contact 
914577,2026-09-20,U15 AA,DRAGONS OUTAOUAIS,BISONS 1 OUTAOUAIS,Penalty,2,4:04,MARC-OLIVIER CROTEAU,27,Slashing
914577,2026-09-20,U15 AA,DRAGONS OUTAOUAIS,BISONS 1 OUTAOUAIS,Penalty,3,1:19,LUCAS RICHARDS,23,Head contact 
914577,2026-09-20,U15 AA,DRAGONS OUTAOUAIS,BISONS 1 OUTAOUAIS,Penalty,3,8:11,PHILIPPE MASSÉ,29,Hooking
914577,2026-09-20,U15 AA,DRAGONS OUTAOUAIS,BISONS 1 OUTAOUAIS,Penalty,3,1:19,ALEXANDER BOIVIN,34,Head contact 
918847,2026-09-24,U17 AA,DRAGONS OUTAOUAIS,BISONS OUTAOUAIS,Penalty,2,7:07,TRISTAN SMOLYNECKY GAGNÉ,69,Charging
918847,2026-09-24,U17 AA,DRAGONS OUTAOUAIS,BISONS OUTAOUAIS,Penalty,2,10:09,TRISTAN SMOLYNECKY GAGNÉ,69,Head contact 
918847,2026-09-24,U17 AA,DRAGONS OUTAOUAIS,BISONS OUTAOUAIS,Penalty,2,7:07,TRISTAN SMOLYNECKY GAGNÉ,69,"Verbal abuse of an official, unsportsmanlike conduct, misconduct"
918847,2026-09-24,U17 AA,DRAGONS OUTAOUAIS,BISONS OUTAOUAIS,Penalty,2,10:09,TRISTAN SMOLYNECKY GAGNÉ,69,Head contact 
918847,2026-09-24,U17 AA,DRAGONS OUTAOUAIS,BISONS OUTAOUAIS,Penalty,1,3:27,LOIC GUINDON,91,Boarding 
914572,2026-09-25,U13 AA,ROYAL 1 OUTAOUAIS,BISONS 2 OUTAOUAIS,Penalty,3,3:10,JÉRÉMIE AUDET,79,Body checking
914572,2026-09-25,U13 AA,ROYAL 1 OUTAOUAIS,BISONS 2 OUTAOUAIS,Penalty,1,9:00,CHARLO D'AMOURS,42,Tripping
914572,2026-09-25,U13 AA,ROYAL 1 OUTAOUAIS,BISONS 2 OUTAOUAIS,Penalty,2,0:48,SHELDON FORESTER,87,Body checking
914572,2026-09-25,U13 AA,ROYAL 1 OUTAOUAIS,BISONS 2 OUTAOUAIS,Penalty,3,6:30,MATTY OUELLETTE,85,Body checking
914572,2026-09-25,U13 AA,ROYAL 1 OUTAOUAIS,BISONS 2 OUTAOUAIS,Penalty,1,5:36,JÉRÉMIE AUDET,79,Tripping
924656,2026-09-26,U15 AA,MONTAGNARDS DES MONTS,DRAGONS OUTAOUAIS,Penalty,3,3:19,MATHIS LAROUCHE,29,Head contact 
924656,2026-09-26,U15 AA,MONTAGNARDS DES MONTS,DRAGONS OUTAOUAIS,Penalty,3,7:16,LOUIS HUOT,14,Cross checking
924656,2026-09-26,U15 AA,MONTAGNARDS DES MONTS,DRAGONS OUTAOUAIS,Penalty,1,9:05,EDOUARD HOULE,97,Cross checking
924656,2026-09-26,U15 AA,MONTAGNARDS DES MONTS,DRAGONS OUTAOUAIS,Penalty,1,2:53,ARYA MCNALLEY,17,Roughing
924656,2026-09-26,U15 AA,MONTAGNARDS DES MONTS,DRAGONS OUTAOUAIS,Penalty,2,0:32,DAVID SAUVE,35,Elbowing (Parahockey)
924656,2026-09-26,U15 AA,MONTAGNARDS DES MONTS,DRAGONS OUTAOUAIS,Penalty,1,2:53,MATHIS PAQUETTE,21,Roughing
924656,2026-09-26,U15 AA,MONTAGNARDS DES MONTS,DRAGONS OUTAOUAIS,Penalty,2,3:31,THOMAS LONGPRE,27,Body checking
924656,2026-09-26,U15 AA,MONTAGNARDS DES MONTS,DRAGONS OUTAOUAIS,Penalty,2,10:04,LOUIS HUOT,14,Head contact 
924656,2026-09-26,U15 AA,MONTAGNARDS DES MONTS,DRAGONS OUTAOUAIS,Penalty,2,5:16,WILLIAM ST-CYR,34,Interference
924656,2026-09-26,U15 AA,MONTAGNARDS DES MONTS,DRAGONS OUTAOUAIS,Penalty,2,10:45,OLIVIER COULOMBE,77,Head contact 
924656,2026-09-26,U15 AA,MONTAGNARDS DES MONTS,DRAGONS OUTAOUAIS,Penalty,2,6:59,KARSON LAVALLEE,26,Too many players on the ice
924900,2026-09-26,U13 AA,ÉLITES LANAUDIÈRE EST-2,DRAGONS 2 OUTAOUAIS,Penalty,3,10:35,JAXSON CAMERON,75,Interference
924900,2026-09-26,U13 AA,ÉLITES LANAUDIÈRE EST-2,DRAGONS 2 OUTAOUAIS,Penalty,1,7:28,LUDOVICK TANGUAY,87,Tripping
924900,2026-09-26,U13 AA,ÉLITES LANAUDIÈRE EST-2,DRAGONS 2 OUTAOUAIS,Penalty,2,10:30,LOIC MCQUILLAN,59,Holding
924900,2026-09-26,U13 AA,ÉLITES LANAUDIÈRE EST-2,DRAGONS 2 OUTAOUAIS,Penalty,1,0:06,FELIX LAPORTE,64,Roughing
924900,2026-09-26,U13 AA,ÉLITES LANAUDIÈRE EST-2,DRAGONS 2 OUTAOUAIS,Penalty,2,3:46,FÉLIX PÉLOQUIN,72,Cross checking
924900,2026-09-26,U13 AA,ÉLITES LANAUDIÈRE EST-2,DRAGONS 2 OUTAOUAIS,Penalty,3,9:50,MATHIS MOUSSEAU,67,Body checking
925473,2026-09-26,U17 AA,OLYMPIQUES OUTAOUAIS,GRIZZLYS DES MOULINS,Penalty,3,10:49,TRISTAN QUEALE,91,Cross checking
925473,2026-09-26,U17 AA,OLYMPIQUES OUTAOUAIS,GRIZZLYS DES MOULINS,Penalty,3,7:40,FÉLIX THIBEAULT-BEAUPARLANT,92,Charging
925473,2026-09-26,U17 AA,OLYMPIQUES OUTAOUAIS,GRIZZLYS DES MOULINS,Penalty,1,1:42,JONATHAN QUINN,73,Charging
925473,2026-09-26,U17 AA,OLYMPIQUES OUTAOUAIS,GRIZZLYS DES MOULINS,Penalty,3,13:23,DOMINIK MARTINEAU,93,Charging
925473,2026-09-26,U17 AA,OLYMPIQUES OUTAOUAIS,GRIZZLYS DES MOULINS,Penalty,1,2:51,FÉLIX THIBEAULT-BEAUPARLANT,92,Body checking
925473,2026-09-26,U17 AA,OLYMPIQUES OUTAOUAIS,GRIZZLYS DES MOULINS,Penalty,3,1:46,OLIVIER VILLENEUVE,78,Tripping
925473,2026-09-26,U17 AA,OLYMPIQUES OUTAOUAIS,GRIZZLYS DES MOULINS,Penalty,1,7:09,MALIK RICHER,91,Tripping
925473,2026-09-26,U17 AA,OLYMPIQUES OUTAOUAIS,GRIZZLYS DES MOULINS,Penalty,3,7:17,ANTOINE FRÉCHETTE,86,Hooking
925473,2026-09-26,U17 AA,OLYMPIQUES OUTAOUAIS,GRIZZLYS DES MOULINS,Penalty,3,0:00,FÉLIX THIBEAULT-BEAUPARLANT,92,Interference
924901,2026-09-26,U13 AA,ÉLITES LANAUDIÈRE EST-1,BISONS 2 OUTAOUAIS,Penalty,3,4:39,ANTHONY LEFEBVRE,83,Interference
924901,2026-09-26,U13 AA,ÉLITES LANAUDIÈRE EST-1,BISONS 2 OUTAOUAIS,Penalty,2,6:47,JAYDEN OUELLET,44,Roughing
924901,2026-09-26,U13 AA,ÉLITES LANAUDIÈRE EST-1,BISONS 2 OUTAOUAIS,Penalty,1,2:03,ANTHONY LEFEBVRE,83,Interference
924901,2026-09-26,U13 AA,ÉLITES LANAUDIÈRE EST-1,BISONS 2 OUTAOUAIS,Penalty,2,9:36,JAYDEN OUELLET,44,Body checking
924901,2026-09-26,U13 AA,ÉLITES LANAUDIÈRE EST-1,BISONS 2 OUTAOUAIS,Penalty,1,8:27,ANTOINE JUNEAU,12,Cross checking
924901,2026-09-26,U13 AA,ÉLITES LANAUDIÈRE EST-1,BISONS 2 OUTAOUAIS,Penalty,3,0:07,XAVIER LALONDE HARTON,89,Head contact 
924901,2026-09-26,U13 AA,ÉLITES LANAUDIÈRE EST-1,BISONS 2 OUTAOUAIS,Penalty,2,6:47,ALEXANDRE PICARD,92,Roughing
924901,2026-09-26,U13 AA,ÉLITES LANAUDIÈRE EST-1,BISONS 2 OUTAOUAIS,Penalty,1,8:27,SHELDON FORESTER,87,Head contact 
924901,2026-09-26,U13 AA,ÉLITES LANAUDIÈRE EST-1,BISONS 2 OUTAOUAIS,Penalty,1,8:27,JAYDEN OUELLET,44,Roughing
925474,2026-09-26,U17 AA,BISONS OUTAOUAIS,SÉNATEURS LAVAL,Penalty,3,4:16,LOU DANIS,86,Boarding 
925474,2026-09-26,U17 AA,BISONS OUTAOUAIS,SÉNATEURS LAVAL,Penalty,2,12:10,SAMUEL BERGERON,79,Charging
925474,2026-09-26,U17 AA,BISONS OUTAOUAIS,SÉNATEURS LAVAL,Penalty,1,3:48,JUSTIN DES RIVIÈRES,79,Interference
925474,2026-09-26,U17 AA,BISONS OUTAOUAIS,SÉNATEURS LAVAL,Penalty,2,6:13,THOMAS CHAMANDY,84,Hooking
925709,2026-09-26,U19 AA,OLYMPIQUES OUTAOUAIS,SÉNATEURS LAVAL,Penalty,2,0:39,MARCO SANTONE,8,Head contact 
925709,2026-09-26,U19 AA,OLYMPIQUES OUTAOUAIS,SÉNATEURS LAVAL,Penalty,2,0:39,MARCO SANTONE,8,Head contact 
925709,2026-09-26,U19 AA,OLYMPIQUES OUTAOUAIS,SÉNATEURS LAVAL,Penalty,2,12:37,XAVIER ST-GELAIS,81,Cross checking
925709,2026-09-26,U19 AA,OLYMPIQUES OUTAOUAIS,SÉNATEURS LAVAL,Penalty,2,4:22,DAVICK L'HEUREUX-GARNEAU,78,Slashing
925709,2026-09-26,U19 AA,OLYMPIQUES OUTAOUAIS,SÉNATEURS LAVAL,Penalty,2,9:19,DONOVAN CLARK,73,Hooking
925709,2026-09-26,U19 AA,OLYMPIQUES OUTAOUAIS,SÉNATEURS LAVAL,Penalty,3,4:00,ROMEO ANTOINE SALDANA MASSAAD,17,Tripping
925709,2026-09-26,U19 AA,OLYMPIQUES OUTAOUAIS,SÉNATEURS LAVAL,Penalty,1,4:22,ANTOINE POTVIN,88,Head contact 
925709,2026-09-26,U19 AA,OLYMPIQUES OUTAOUAIS,SÉNATEURS LAVAL,Penalty,3,3:12,ANTONIO GIACOMO COLATOSTI,9,Slashing
925709,2026-09-26,U19 AA,OLYMPIQUES OUTAOUAIS,SÉNATEURS LAVAL,Penalty,3,3:12,SAMUEL SAUVÉ,29,Interference
925709,2026-09-26,U19 AA,OLYMPIQUES OUTAOUAIS,SÉNATEURS LAVAL,Penalty,3,2:08,XAVIER HAMEL,82,Hooking
925709,2026-09-26,U19 AA,OLYMPIQUES OUTAOUAIS,SÉNATEURS LAVAL,Penalty,2,12:37,MATHIS MURRAY,86,Body checking
925709,2026-09-26,U19 AA,OLYMPIQUES OUTAOUAIS,SÉNATEURS LAVAL,Penalty,1,12:12,RAFAEL LANTHIER,93,Tripping
925709,2026-09-26,U19 AA,OLYMPIQUES OUTAOUAIS,SÉNATEURS LAVAL,Penalty,2,4:22,DAVICK L'HEUREUX-GARNEAU,78,"Verbal abuse of an official, unsportsmanlike conduct, misconduct"
925709,2026-09-26,U19 AA,OLYMPIQUES OUTAOUAIS,SÉNATEURS LAVAL,Penalty,1,4:22,ANTOINE POTVIN,88,Head contact 
925475,2026-09-26,U17 AA,DRAGONS OUTAOUAIS,ARMADA JR AA 1,Penalty,3,1:36,TRISTAN LAURIN,23,Roughing
925475,2026-09-26,U17 AA,DRAGONS OUTAOUAIS,ARMADA JR AA 1,Penalty,3,0:38,THÉO CORNEAU,60,"Verbal abuse of an official, unsportsmanlike conduct, misconduct"
925475,2026-09-26,U17 AA,DRAGONS OUTAOUAIS,ARMADA JR AA 1,Penalty,2,2:03,FELIX DERAPS,91,Cross checking
925475,2026-09-26,U17 AA,DRAGONS OUTAOUAIS,ARMADA JR AA 1,Penalty,3,0:38,PHILIPPE STORR,28,Head contact 
925475,2026-09-26,U17 AA,DRAGONS OUTAOUAIS,ARMADA JR AA 1,Penalty,3,0:38,SEAN EDOUARD CHOUINARD,95,Head contact 
925475,2026-09-26,U17 AA,DRAGONS OUTAOUAIS,ARMADA JR AA 1,Penalty,1,2:12,SEAN EDOUARD CHOUINARD,95,Head contact 
925475,2026-09-26,U17 AA,DRAGONS OUTAOUAIS,ARMADA JR AA 1,Penalty,3,0:38,LENNOX KELLY,61,"Verbal abuse of an official, unsportsmanlike conduct, misconduct"
925475,2026-09-26,U17 AA,DRAGONS OUTAOUAIS,ARMADA JR AA 1,Penalty,3,0:38,SEAN EDOUARD CHOUINARD,95,Head contact 
925710,2026-09-26,U19 AA,ROYAL OUTAOUAIS,ARMADA JR,Penalty,1,9:06,CÉDRIC PAQUETTE,77,Tripping
925710,2026-09-26,U19 AA,ROYAL OUTAOUAIS,ARMADA JR,Penalty,2,1:46,TRISTAN AUPIN,19,Hooking
925710,2026-09-26,U19 AA,ROYAL OUTAOUAIS,ARMADA JR,Penalty,2,2:48,VINCENT GUINDON,93,Head contact 
925710,2026-09-26,U19 AA,ROYAL OUTAOUAIS,ARMADA JR,Penalty,2,1:03,GABRIEL ST-GERMAIN,75,Tripping
925710,2026-09-26,U19 AA,ROYAL OUTAOUAIS,ARMADA JR,Penalty,2,8:22,ZAKARY GÉLINAS,79,Interference
925710,2026-09-26,U19 AA,ROYAL OUTAOUAIS,ARMADA JR,Penalty,2,12:47,ZAKARY GÉLINAS,79,Interference
925710,2026-09-26,U19 AA,ROYAL OUTAOUAIS,ARMADA JR,Penalty,3,0:26,THOMAS MERINEAU,65,Head contact 
925710,2026-09-26,U19 AA,ROYAL OUTAOUAIS,ARMADA JR,Penalty,2,2:48,VINCENT GUINDON,93,Head contact 
925710,2026-09-26,U19 AA,ROYAL OUTAOUAIS,ARMADA JR,Penalty,2,10:22,EMRICK GIACOMELLI,6,Interference
925710,2026-09-26,U19 AA,ROYAL OUTAOUAIS,ARMADA JR,Penalty,3,0:26,THOMAS MERINEAU,65,Head contact 
925710,2026-09-26,U19 AA,ROYAL OUTAOUAIS,ARMADA JR,Penalty,1,7:40,EMRICK GIACOMELLI,6,Head contact 
924662,2026-09-27,U15 AA,OLYMPIQUES OUTAOUAIS,ARMADA JR AA 1,Penalty,1,8:06,JAMIE MENARD,61,Hooking
924662,2026-09-27,U15 AA,OLYMPIQUES OUTAOUAIS,ARMADA JR AA 1,Penalty,2,12:52,ALEXIS LAVOIE BEAUSOLEIL,66,Tripping
924662,2026-09-27,U15 AA,OLYMPIQUES OUTAOUAIS,ARMADA JR AA 1,Penalty,2,4:33,ALEXIS BEAUCHAMP,59,Interference
924662,2026-09-27,U15 AA,OLYMPIQUES OUTAOUAIS,ARMADA JR AA 1,Penalty,1,6:29,FRÉDÉRIC LEFEBVRE,64,Interference
924662,2026-09-27,U15 AA,OLYMPIQUES OUTAOUAIS,ARMADA JR AA 1,Penalty,1,11:51,NATHAN ROBERT,21,Boarding 
924662,2026-09-27,U15 AA,OLYMPIQUES OUTAOUAIS,ARMADA JR AA 1,Penalty,2,1:13,ALEK MONGEON,58,Head contact 
924662,2026-09-27,U15 AA,OLYMPIQUES OUTAOUAIS,ARMADA JR AA 1,Penalty,2,6:01,ANTHONY BEAUDET,63,Roughing
924664,2026-09-27,U15 AA,BISONS 2 OUTAOUAIS,BISONS 1 OUTAOUAIS,Penalty,1,1:15,FÉLIX DESJARDINS,48,Head contact 
924664,2026-09-27,U15 AA,BISONS 2 OUTAOUAIS,BISONS 1 OUTAOUAIS,Penalty,2,5:17,CHARLES BUREAU,42,Head contact 
924664,2026-09-27,U15 AA,BISONS 2 OUTAOUAIS,BISONS 1 OUTAOUAIS,Penalty,1,1:15,JOHN-ANDREW SAM,39,Head contact 
924664,2026-09-27,U15 AA,BISONS 2 OUTAOUAIS,BISONS 1 OUTAOUAIS,Penalty,1,1:15,JOHN-ANDREW SAM,39,Head contact 
924664,2026-09-27,U15 AA,BISONS 2 OUTAOUAIS,BISONS 1 OUTAOUAIS,Penalty,3,3:06,PHILIPPE MASSÉ,29,Hooking
924664,2026-09-27,U15 AA,BISONS 2 OUTAOUAIS,BISONS 1 OUTAOUAIS,Penalty,2,11:22,OWEN MARTEL,49,Head contact 
924664,2026-09-27,U15 AA,BISONS 2 OUTAOUAIS,BISONS 1 OUTAOUAIS,Penalty,2,0:12,PHILIPPE MASSÉ,29,Roughing
924664,2026-09-27,U15 AA,BISONS 2 OUTAOUAIS,BISONS 1 OUTAOUAIS,Penalty,1,1:15,FÉLIX DESJARDINS,48,Head contact 
924664,2026-09-27,U15 AA,BISONS 2 OUTAOUAIS,BISONS 1 OUTAOUAIS,Penalty,2,10:44,MATTÉO VILLENEUVE,22,Charging
924664,2026-09-27,U15 AA,BISONS 2 OUTAOUAIS,BISONS 1 OUTAOUAIS,Penalty,3,7:11,FELIX CHARETTE,28,Boarding 
924664,2026-09-27,U15 AA,BISONS 2 OUTAOUAIS,BISONS 1 OUTAOUAIS,Penalty,1,7:00,LUDOVIK PATRY,44,Head contact 
924664,2026-09-27,U15 AA,BISONS 2 OUTAOUAIS,BISONS 1 OUTAOUAIS,Penalty,2,11:22,OWEN MARTEL,49,Head contact 
924664,2026-09-27,U15 AA,BISONS 2 OUTAOUAIS,BISONS 1 OUTAOUAIS,Penalty,1,1:15,OWEN MARTEL,49,Charging
924664,2026-09-27,U15 AA,BISONS 2 OUTAOUAIS,BISONS 1 OUTAOUAIS,Penalty,2,0:12,BENJAMIN LACASSE,16,Tripping
925478,2026-09-27,U17 AA,ROYAL OUTAOUAIS,GRIZZLYS DES MOULINS,Penalty,1,4:27,XAVIER PROULX,94,Checking from behind
925478,2026-09-27,U17 AA,ROYAL OUTAOUAIS,GRIZZLYS DES MOULINS,Penalty,1,4:27,XAVIER PROULX,94,Checking from behind
925478,2026-09-27,U17 AA,ROYAL OUTAOUAIS,GRIZZLYS DES MOULINS,Penalty,1,10:18,JIMMY JAMES COTE,85,Hooking
925478,2026-09-27,U17 AA,ROYAL OUTAOUAIS,GRIZZLYS DES MOULINS,Penalty,2,2:20,ALEXANDER NASERI,80,Hooking
925476,2026-09-27,U17 AA,DRAGONS OUTAOUAIS,CONCORDES MIRABEL-LACHUTE,Penalty,2,0:00,LENNOX KELLY,61,Roughing
925476,2026-09-27,U17 AA,DRAGONS OUTAOUAIS,CONCORDES MIRABEL-LACHUTE,Penalty,3,4:56,MIRKO JACOB,76,Boarding 
925476,2026-09-27,U17 AA,DRAGONS OUTAOUAIS,CONCORDES MIRABEL-LACHUTE,Penalty,3,13:23,JACOB MORCOS,72,Tripping
925476,2026-09-27,U17 AA,DRAGONS OUTAOUAIS,CONCORDES MIRABEL-LACHUTE,Penalty,2,13:18,ESTEVAN DUPUIS,64,Head contact 
925476,2026-09-27,U17 AA,DRAGONS OUTAOUAIS,CONCORDES MIRABEL-LACHUTE,Penalty,3,9:50,ZACK BARRETTE,88,Tripping
925476,2026-09-27,U17 AA,DRAGONS OUTAOUAIS,CONCORDES MIRABEL-LACHUTE,Penalty,3,1:50,NICOLAS CHAMPAGNE,81,Holding
925476,2026-09-27,U17 AA,DRAGONS OUTAOUAIS,CONCORDES MIRABEL-LACHUTE,Penalty,3,9:00,ALEXANDRE DUCLOS,87,Head contact 
925476,2026-09-27,U17 AA,DRAGONS OUTAOUAIS,CONCORDES MIRABEL-LACHUTE,Penalty,2,3:55,ESTEVAN DUPUIS,64,Body checking
925476,2026-09-27,U17 AA,DRAGONS OUTAOUAIS,CONCORDES MIRABEL-LACHUTE,Penalty,2,0:00,NICOLAS CHAMPAGNE,81,Cross checking
924903,2026-09-27,U13 AA,BISONS 1 OUTAOUAIS,ARMADA JR AA 2,Penalty,2,8:14,SAMUEL BEAUVAIS,73,Interference
924903,2026-09-27,U13 AA,BISONS 1 OUTAOUAIS,ARMADA JR AA 2,Penalty,3,1:20,MILAN FOURNIER,57,Body checking
924903,2026-09-27,U13 AA,BISONS 1 OUTAOUAIS,ARMADA JR AA 2,Penalty,3,5:00,SAMUEL BEAUVAIS,73,Body checking
924903,2026-09-27,U13 AA,BISONS 1 OUTAOUAIS,ARMADA JR AA 2,Penalty,2,5:54,BRENDAN PÉROU,56,Body checking
924903,2026-09-27,U13 AA,BISONS 1 OUTAOUAIS,ARMADA JR AA 2,Penalty,1,8:21,WILLIAM NOEL,4,Kneeing
924903,2026-09-27,U13 AA,BISONS 1 OUTAOUAIS,ARMADA JR AA 2,Penalty,2,0:50,ÉDOUARD MARQUIS,63,Cross checking
924903,2026-09-27,U13 AA,BISONS 1 OUTAOUAIS,ARMADA JR AA 2,Penalty,3,8:45,MANNIX DUFOUR,64,Interference
924903,2026-09-27,U13 AA,BISONS 1 OUTAOUAIS,ARMADA JR AA 2,Penalty,3,14:02,THOMAS BRADY,74,Roughing
924903,2026-09-27,U13 AA,BISONS 1 OUTAOUAIS,ARMADA JR AA 2,Penalty,2,1:00,JAKOB PLATERO,75,Roughing
924903,2026-09-27,U13 AA,BISONS 1 OUTAOUAIS,ARMADA JR AA 2,Penalty,3,11:45,JOSHUA LEMENS,69,Interference
924903,2026-09-27,U13 AA,BISONS 1 OUTAOUAIS,ARMADA JR AA 2,Penalty,2,9:05,JAXON MATCHETT,58,Cross checking
924903,2026-09-27,U13 AA,BISONS 1 OUTAOUAIS,ARMADA JR AA 2,Penalty,2,4:51,ÉDOUARD MARQUIS,63,Slashing
924903,2026-09-27,U13 AA,BISONS 1 OUTAOUAIS,ARMADA JR AA 2,Penalty,1,1:31,CARTER MILLAR,67,Interference
924903,2026-09-27,U13 AA,BISONS 1 OUTAOUAIS,ARMADA JR AA 2,Penalty,3,1:20,MILAN FOURNIER,57,Tripping
924903,2026-09-27,U13 AA,BISONS 1 OUTAOUAIS,ARMADA JR AA 2,Penalty,2,1:50,ELLIOT FAUST,46,Head contact 
924903,2026-09-27,U13 AA,BISONS 1 OUTAOUAIS,ARMADA JR AA 2,Penalty,3,4:47,JAMES DANIEL GUILLET,42,Tripping
924903,2026-09-27,U13 AA,BISONS 1 OUTAOUAIS,ARMADA JR AA 2,Penalty,1,4:26,JAXON MATCHETT,58,Body checking
924903,2026-09-27,U13 AA,BISONS 1 OUTAOUAIS,ARMADA JR AA 2,Penalty,2,11:54,MILAN FOURNIER,57,Tripping
924903,2026-09-27,U13 AA,BISONS 1 OUTAOUAIS,ARMADA JR AA 2,Penalty,1,8:21,WILLIAM NOEL,4,Kneeing
924903,2026-09-27,U13 AA,BISONS 1 OUTAOUAIS,ARMADA JR AA 2,Penalty,2,1:50,ELLIOT FAUST,46,Head contact 
924665,2026-09-27,U15 AA,ROYAL OUTAOUAIS,ÉLITES LANAUDIÈRE EST,Penalty,2,1:58,ALEXANDRE LEDUC,69,Cross checking
924665,2026-09-27,U15 AA,ROYAL OUTAOUAIS,ÉLITES LANAUDIÈRE EST,Penalty,2,0:23,XAVIER TEIXEIRA,38,Head contact 
924665,2026-09-27,U15 AA,ROYAL OUTAOUAIS,ÉLITES LANAUDIÈRE EST,Penalty,2,12:20,LOIK TROTTIER,72,Interference
924665,2026-09-27,U15 AA,ROYAL OUTAOUAIS,ÉLITES LANAUDIÈRE EST,Penalty,3,0:19,NAXIM PILON LACELLE,70,Slashing
924665,2026-09-27,U15 AA,ROYAL OUTAOUAIS,ÉLITES LANAUDIÈRE EST,Penalty,3,8:10,JACOB RIBERDY,31,Slashing
924665,2026-09-27,U15 AA,ROYAL OUTAOUAIS,ÉLITES LANAUDIÈRE EST,Penalty,3,6:07,OLI CHÉNIER,67,Head contact 
924665,2026-09-27,U15 AA,ROYAL OUTAOUAIS,ÉLITES LANAUDIÈRE EST,Penalty,3,9:28,NAXIM PILON LACELLE,70,Body checking
924665,2026-09-27,U15 AA,ROYAL OUTAOUAIS,ÉLITES LANAUDIÈRE EST,Penalty,1,8:01,LOUIS POIRIER,43,Hooking
924665,2026-09-27,U15 AA,ROYAL OUTAOUAIS,ÉLITES LANAUDIÈRE EST,Penalty,2,13:17,NAXIM PILON LACELLE,70,Roughing
924665,2026-09-27,U15 AA,ROYAL OUTAOUAIS,ÉLITES LANAUDIÈRE EST,Penalty,2,13:17,AYDEN LAGACE,52,Slashing
925712,2026-09-27,U19 AA,OLYMPIQUES OUTAOUAIS,RIVERAINS LAVAL,Penalty,2,12:32,GIULIANO MAGLIOCCO,27,Holding
925712,2026-09-27,U19 AA,OLYMPIQUES OUTAOUAIS,RIVERAINS LAVAL,Penalty,3,12:59,RAFAEL LANTHIER,93,Interference
925712,2026-09-27,U19 AA,OLYMPIQUES OUTAOUAIS,RIVERAINS LAVAL,Penalty,3,11:33,IOANNIS ATHANASOPOULOS,6,Throwing his stick or other object
925712,2026-09-27,U19 AA,OLYMPIQUES OUTAOUAIS,RIVERAINS LAVAL,Penalty,2,2:37,ANTOINE POTVIN,88,Tripping
925712,2026-09-27,U19 AA,OLYMPIQUES OUTAOUAIS,RIVERAINS LAVAL,Penalty,1,6:02,JACK CHÉNIER,92,Slashing
925712,2026-09-27,U19 AA,OLYMPIQUES OUTAOUAIS,RIVERAINS LAVAL,Penalty,2,9:39,CHARLES GENOIS,28,Cross checking
924905,2026-09-27,U13 AA,STARS LACHUTE-MIRABEL 1,OLYMPIQUES OUTAOUAIS,Penalty,1,0:22,ZAC BOULANGER,22,Interference
924905,2026-09-27,U13 AA,STARS LACHUTE-MIRABEL 1,OLYMPIQUES OUTAOUAIS,Penalty,3,6:22,JAYDAN LARABIE,45,Body checking
924905,2026-09-27,U13 AA,STARS LACHUTE-MIRABEL 1,OLYMPIQUES OUTAOUAIS,Penalty,1,4:40,PHILIPPE-OLIVIER LAHAIE,48,Tripping
924905,2026-09-27,U13 AA,STARS LACHUTE-MIRABEL 1,OLYMPIQUES OUTAOUAIS,Penalty,1,5:02,VICTOR POIRIER,51,Holding
925713,2026-09-27,U19 AA,GRIZZLYS DES MOULINS,ROYAL OUTAOUAIS,Penalty,2,11:10,ALEXIS GUITARD,92,Tripping
925713,2026-09-27,U19 AA,GRIZZLYS DES MOULINS,ROYAL OUTAOUAIS,Penalty,2,3:57,KRISTOPHER BLOUIN,92,Cross checking
925713,2026-09-27,U19 AA,GRIZZLYS DES MOULINS,ROYAL OUTAOUAIS,Penalty,3,6:51,RAPHAEL GRENON,82,Hooking
925713,2026-09-27,U19 AA,GRIZZLYS DES MOULINS,ROYAL OUTAOUAIS,Penalty,2,1:17,GREGOIRE LEVESQUE,87,Slashing
925713,2026-09-27,U19 AA,GRIZZLYS DES MOULINS,ROYAL OUTAOUAIS,Penalty,1,11:27,JEAN-SIMON HORT,82,Interference
925713,2026-09-27,U19 AA,GRIZZLYS DES MOULINS,ROYAL OUTAOUAIS,Penalty,3,11:10,RAPHAEL GRENON,82,Interference
925713,2026-09-27,U19 AA,GRIZZLYS DES MOULINS,ROYAL OUTAOUAIS,Penalty,2,7:59,CÉDRIC PAQUETTE,77,Diving and Embellishment
924906,2026-09-27,U13 AA,CONCORDES MIRABEL-LACHUTE 2,ROYAL 2 OUTAOUAIS,Penalty,2,1:44,ANTHONY GARNEAU,87,Interference
924906,2026-09-27,U13 AA,CONCORDES MIRABEL-LACHUTE 2,ROYAL 2 OUTAOUAIS,Penalty,2,6:59,ANTHONY GARNEAU,87,Roughing
924906,2026-09-27,U13 AA,CONCORDES MIRABEL-LACHUTE 2,ROYAL 2 OUTAOUAIS,Penalty,2,5:32,EVAN BERGERON,77,Roughing
924906,2026-09-27,U13 AA,CONCORDES MIRABEL-LACHUTE 2,ROYAL 2 OUTAOUAIS,Penalty,1,5:33,MAXENCE FAUBERT,93,Cross checking
924906,2026-09-27,U13 AA,CONCORDES MIRABEL-LACHUTE 2,ROYAL 2 OUTAOUAIS,Penalty,2,14:31,ARNAUD LACROIX,46,Head contact 
924906,2026-09-27,U13 AA,CONCORDES MIRABEL-LACHUTE 2,ROYAL 2 OUTAOUAIS,Penalty,2,6:59,ANTHONY DESJARDINS,47,Roughing
924906,2026-09-27,U13 AA,CONCORDES MIRABEL-LACHUTE 2,ROYAL 2 OUTAOUAIS,Penalty,2,10:34,ANTHONY GARNEAU,87,Roughing
925481,2026-09-27,U17 AA,ÉLITES LANAUDIÈRE EST,BISONS OUTAOUAIS,Penalty,2,0:45,ALEX PILON,88,Interference
925481,2026-09-27,U17 AA,ÉLITES LANAUDIÈRE EST,BISONS OUTAOUAIS,Penalty,3,9:04,LUC DESLOGES,81,Cross checking
925481,2026-09-27,U17 AA,ÉLITES LANAUDIÈRE EST,BISONS OUTAOUAIS,Penalty,3,7:46,ZACKARY OLIVEIRA,78,Tripping
925481,2026-09-27,U17 AA,ÉLITES LANAUDIÈRE EST,BISONS OUTAOUAIS,Penalty,3,10:38,ALEXIS TOUCHETTE,54,Tripping
925481,2026-09-27,U17 AA,ÉLITES LANAUDIÈRE EST,BISONS OUTAOUAIS,Penalty,1,2:01,ZACKARY OLIVEIRA,78,Boarding 
925481,2026-09-27,U17 AA,ÉLITES LANAUDIÈRE EST,BISONS OUTAOUAIS,Penalty,1,2:54,SIMON BACHAND,57,Tripping
